ecephys_session_id,behavior_session_id,date_of_acquisition,equipment_name,session_type,mouse_id,genotype,sex,project_code,age_in_days,unit_count,probe_count,channel_count,structure_acronyms,image_set,prior_exposures_to_image_set,session_number,experience_level,prior_exposures_to_omissions,file_id,abnormal_histology,abnormal_activity
1044385384,1044408432,2020-08-19 14:47:08.574000+00:00,NP.1,EPHYS_1_images_G_5uL_reward,524761,wt/wt,F,NeuropixelVisualBehavior,151,2179,5,1920,"['CA1', 'CA3', 'DG-mo', 'DG-po', 'DG-sg', 'LGv', 'LP', 'MB', 'MGd', 'MGm', 'MRN', 'POL', 'POST', 'PoT', 'root', 'SCig', 'SGN', 'TH', 'VISal', 'VISl', 'VISp', 'VISpm', 'VISrl', 'ZI']",G,30,1,Familiar,0,870,,
1044594870,1044624428,2020-08-20 15:03:56.422000+00:00,NP.1,EPHYS_1_images_H_5uL_reward,524761,wt/wt,F,NeuropixelVisualBehavior,152,2103,5,1920,"['CA1', 'CA3', 'DG-mo', 'DG-po', 'DG-sg', 'HPF', 'LP', 'MB', 'MGd', 'MGm', 'MGv', 'MRN', 'PIL', 'POL', 'POST', 'PP', 'root', 'SCig', 'SNr', 'TH', 'VISal', 'VISl', 'VISp', 'VISpm', 'VISrl']",H,0,2,Novel,1,872,,
1047969464,1048005547,2020-09-02 14:53:14.347000+00:00,NP.1,EPHYS_1_images_G_3uL_reward,509808,Sst-IRES-Cre/wt;Ai32(RCL-ChR2(H134R)_EYFP)/wt,M,NeuropixelVisualBehavior,263,2438,6,2304,"['APN', 'CA1', 'CA3', 'DG-mo', 'DG-po', 'DG-sg', 'HPF', 'LGv', 'MB', 'MGd', 'MGm', 'MGv', 'MRN', 'NOT', 'PIL', 'POST', 'PPT', 'root', 'SUB', 'TH', 'VISal', 'VISam', 'VISl', 'VISp', 'VISpm', 'VISrl', 'ZI']",G,62,1,Familiar,0,877,,
1047977240,1048009327,2020-09-02 15:15:03.733000+00:00,NP.0,EPHYS_1_images_G_3uL_reward,524925,Sst-IRES-Cre/wt;Ai32(RCL-ChR2(H134R)_EYFP)/wt,F,NeuropixelVisualBehavior,165,1856,6,2304,"['APN', 'CA1', 'CA3', 'DG-mo', 'DG-po', 'DG-sg', 'HPF', 'LP', 'MB', 'MGd', 'MGm', 'MGv', 'MRN', 'NOT', 'PIL', 'POL', 'PoT', 'PP', 'ProS', 'root', 'SGN', 'SPFp', 'SUB', 'TH', 'VISal', 'VISam', 'VISl', 'VISp', 'VISpm', 'VISrl']",G,51,1,Familiar,0,878,,
1048189115,1048221709,2020-09-03 14:16:57.913000+00:00,NP.1,EPHYS_1_images_H_3uL_reward,509808,Sst-IRES-Cre/wt;Ai32(RCL-ChR2(H134R)_EYFP)/wt,M,NeuropixelVisualBehavior,264,1925,6,2304,"['APN', 'CA1', 'CA3', 'DG-mo', 'DG-po', 'DG-sg', 'HPF', 'LGv', 'MB', 'MGd', 'MGm', 'MGv', 'MRN', 'POST', 'ProS', 'root', 'SCig', 'SCiw', 'TH', 'VISal', 'VISam', 'VISl', 'VISp', 'VISpm', 'VISrl', 'ZI']",H,0,2,Novel,1,879,,
1048196054,1048222325,2020-09-03 14:25:07.290000+00:00,NP.0,EPHYS_1_images_H_3uL_reward,524925,Sst-IRES-Cre/wt;Ai32(RCL-ChR2(H134R)_EYFP)/wt,F,NeuropixelVisualBehavior,166,2288,6,2304,"['APN', 'CA1', 'CA3', 'DG-mo', 'DG-po', 'DG-sg', 'DT', 'Eth', 'HPF', 'LGd-co', 'LGd-sh', 'LP', 'MB', 'MGd', 'MGm', 'MGv', 'MRN', 'NOT', 'PIL', 'POL', 'POST', 'PoT', 'PPT', 'ProS', 'root', 'SGN', 'SUB', 'TH', 'VISal', 'VISam', 'VISl', 'VISp', 'VISpm', 'VISrl']",H,0,2,Novel,1,880,,
1049273528,1049299003,2020-09-09 15:04:23.986000+00:00,NP.0,EPHYS_1_images_G_3uL_reward,521466,Vip-IRES-Cre/wt;Ai32(RCL-ChR2(H134R)_EYFP)/wt,F,NeuropixelVisualBehavior,193,2165,6,2304,"['APN', 'CA1', 'CA3', 'DG-mo', 'DG-po', 'DG-sg', 'HPF', 'LT', 'MB', 'MGd', 'MGm', 'MGv', 'MRN', 'NB', 'NOT', 'PIL', 'POST', 'PP', 'PRE', 'root', 'SUB', 'TH', 'VISal', 'VISam', 'VISl', 'VISp', 'VISpm', 'VISrl']",G,56,1,Familiar,0,881,,
1049514117,1049542142,2020-09-10 15:11:15.371000+00:00,NP.0,EPHYS_1_images_H_3uL_reward,521466,Vip-IRES-Cre/wt;Ai32(RCL-ChR2(H134R)_EYFP)/wt,F,NeuropixelVisualBehavior,194,1925,6,2304,"['APN', 'CA1', 'CA3', 'DG-mo', 'DG-po', 'DG-sg', 'HPF', 'LP', 'LT', 'MB', 'MGd', 'MGm', 'MGv', 'MRN', 'NB', 'PIL', 'POL', 'POST', 'PoT', 'PP', 'PRE', 'ProS', 'root', 'SGN', 'TH', 'VISal', 'VISam', 'VISl', 'VISp', 'VISpm', 'VISrl']",H,0,2,Novel,1,882,,
1051155866,1052162536,2020-09-17 15:05:39.665000+00:00,NP.1,EPHYS_1_images_H_3uL_reward,524760,wt/wt,F,NeuropixelVisualBehavior,180,1922,6,2304,"['APN', 'CA1', 'CA3', 'DG-mo', 'DG-po', 'DG-sg', 'HPF', 'LGv', 'LP', 'MB', 'MRN', 'POL', 'POST', 'PoT', 'root', 'SCig', 'SGN', 'SUB', 'TH', 'VISal', 'VISam', 'VISl', 'VISp', 'VISpm', 'VISrl', 'ZI']",H,0,2,Novel,1,883,,
1052342277,1052374521,2020-09-23 15:34:18.179000+00:00,NP.1,EPHYS_1_images_G_3uL_reward,530862,Vip-IRES-Cre/wt;Ai32(RCL-ChR2(H134R)_EYFP)/wt,M,NeuropixelVisualBehavior,148,1696,6,2304,"['APN', 'CA1', 'CA3', 'DG-mo', 'DG-po', 'DG-sg', 'HPF', 'LGv', 'LP', 'MB', 'MRN', 'NOT', 'POL', 'POST', 'PoT', 'root', 'SCig', 'SCiw', 'SGN', 'SUB', 'TH', 'VISal', 'VISam', 'VISl', 'VISp', 'VISpm', 'VISrl', 'ZI']",G,32,1,Familiar,0,885,,
1052533639,1052572359,2020-09-24 15:12:13.229000+00:00,NP.1,EPHYS_1_images_H_3uL_reward,530862,Vip-IRES-Cre/wt;Ai32(RCL-ChR2(H134R)_EYFP)/wt,M,NeuropixelVisualBehavior,149,1677,6,2304,"['APN', 'CA1', 'CA3', 'DG-mo', 'DG-po', 'DG-sg', 'HPF', 'IGL', 'LGv', 'LP', 'MB', 'MRN', 'NOT', 'POL', 'POST', 'ProS', 'root', 'SCig', 'SGN', 'TH', 'VISal', 'VISam', 'VISl', 'VISp', 'VISpm', 'VISrl', 'ZI']",H,0,2,Novel,1,887,,
1053709239,1053759575,2020-09-30 14:18:11.301000+00:00,NP.0,EPHYS_1_images_G_3uL_reward,532246,Vip-IRES-Cre/wt;Ai32(RCL-ChR2(H134R)_EYFP)/wt,M,NeuropixelVisualBehavior,144,2840,6,2304,"['APN', 'CA1', 'CA3', 'DG-mo', 'DG-po', 'DG-sg', 'LP', 'LT', 'MB', 'MGd', 'MGm', 'MGv', 'MRN', 'NOT', 'PIL', 'POL', 'PoT', 'ProS', 'root', 'SGN', 'SNr', 'SUB', 'TH', 'VISal', 'VISam', 'VISl', 'VISp', 'VISpm', 'VISrl']",G,26,1,Familiar,0,888,,
1053718935,1053759573,2020-09-30 14:27:36.212000+00:00,NP.1,EPHYS_1_images_G_3uL_reward,527749,Sst-IRES-Cre/wt;Ai32(RCL-ChR2(H134R)_EYFP)/wt,M,NeuropixelVisualBehavior,179,2508,6,2304,"['APN', 'CA1', 'CA3', 'DG-mo', 'DG-po', 'DG-sg', 'DT', 'HPF', 'LGd-co', 'LGd-sh', 'LGv', 'LP', 'MB', 'MGd', 'MGm', 'MGv', 'MRN', 'PIL', 'POL', 'POST', 'PoT', 'ProS', 'RN', 'root', 'SGN', 'SUB', 'TH', 'VISal', 'VISam', 'VISl', 'VISp', 'VISpm', 'VISrl', 'ZI']",G,46,1,Familiar,0,889,,
1053925378,1053960984,2020-10-01 16:07:18.990000+00:00,NP.0,EPHYS_1_images_H_3uL_reward,532246,Vip-IRES-Cre/wt;Ai32(RCL-ChR2(H134R)_EYFP)/wt,M,NeuropixelVisualBehavior,145,1823,6,2304,"['APN', 'CA1', 'CA3', 'DG-mo', 'DG-po', 'DG-sg', 'LGd-co', 'LGd-ip', 'LGd-sh', 'LP', 'LT', 'MB', 'MGd', 'MGm', 'MGv', 'MRN', 'PIL', 'POL', 'POST', 'PoT', 'PP', 'PRE', 'ProS', 'root', 'SNr', 'SUB', 'TH', 'VISal', 'VISam', 'VISl', 'VISp', 'VISpm', 'VISrl']",H,0,2,Novel,1,890,,
1053941483,1053960987,2020-10-01 17:03:58.362000+00:00,NP.1,EPHYS_1_images_H_3uL_reward,527749,Sst-IRES-Cre/wt;Ai32(RCL-ChR2(H134R)_EYFP)/wt,M,NeuropixelVisualBehavior,180,1543,6,2304,"['APN', 'CA1', 'CA3', 'DG-mo', 'DG-po', 'DG-sg', 'DT', 'LGv', 'LP', 'MB', 'MGd', 'MGm', 'MGv', 'MRN', 'PIL', 'POL', 'PoT', 'root', 'SGN', 'SUB', 'TH', 'VISal', 'VISam', 'VISl', 'VISp', 'VISpm', 'VISrl', 'ZI']",H,0,2,Novel,1,891,,
1055221968,1055253879,2020-10-07 14:01:41.373000+00:00,NP.1,EPHYS_1_images_G_3uL_reward,533537,wt/wt,M,NeuropixelVisualBehavior,143,2585,6,2304,"['APN', 'CA1', 'CA3', 'DG-mo', 'DG-po', 'DG-sg', 'HPF', 'LP', 'MB', 'MGm', 'MGv', 'MRN', 'POL', 'POST', 'PoT', 'root', 'SCig', 'SGN', 'TH', 'VISal', 'VISam', 'VISl', 'VISp', 'VISpm', 'VISrl', 'ZI']",G,34,1,Familiar,0,892,,
1055240613,1055260435,2020-10-07 14:53:34.486000+00:00,NP.0,EPHYS_1_images_G_3uL_reward,533539,wt/wt,F,NeuropixelVisualBehavior,143,2290,6,2304,"['CA1', 'CA3', 'DG-mo', 'DG-po', 'DG-sg', 'HPF', 'LGd-co', 'LGd-sh', 'MB', 'MGd', 'MGm', 'MGv', 'MRN', 'NB', 'NOT', 'PIL', 'POST', 'PoT', 'PRE', 'ProS', 'root', 'SCig', 'SCiw', 'SPFp', 'SUB', 'TH', 'VISal', 'VISam', 'VISl', 'VISp', 'VISpm', 'VISrl']",G,15,1,Familiar,0,893,,
1055403683,1055431030,2020-10-08 15:12:55.061000+00:00,NP.1,EPHYS_1_images_H_3uL_reward,533537,wt/wt,M,NeuropixelVisualBehavior,144,1569,6,2304,"['APN', 'CA1', 'CA3', 'DG-mo', 'DG-po', 'DG-sg', 'LGv', 'LP', 'MB', 'MGd', 'MGm', 'MGv', 'MRN', 'PIL', 'POL', 'POST', 'PoT', 'root', 'SCig', 'SGN', 'SPFp', 'TH', 'VISal', 'VISam', 'VISl', 'VISp', 'VISpm', 'VISrl', 'ZI']",H,0,2,Novel,1,894,,
1055415082,1055434752,2020-10-08 15:44:11.498000+00:00,NP.0,EPHYS_1_images_H_3uL_reward,533539,wt/wt,F,NeuropixelVisualBehavior,144,1510,6,2304,"['APN', 'CA1', 'CA3', 'DG-mo', 'DG-po', 'DG-sg', 'grey', 'HPF', 'LP', 'MB', 'MGd', 'MGm', 'MGv', 'MRN', 'NB', 'PIL', 'POL', 'POST', 'PRE', 'root', 'SCig', 'SCiw', 'SUB', 'TH', 'VISal', 'VISam', 'VISl', 'VISp', 'VISpm', 'VISrl', 'ZI']",H,0,2,Novel,1,895,,
1062755779,1062781531,2020-11-11 14:43:02.341000+00:00,NP.1,EPHYS_1_images_G_3uL_reward,541234,wt/wt,M,NeuropixelVisualBehavior,133,2538,6,2304,"['APN', 'APr', 'CA1', 'CA3', 'DG-mo', 'DG-po', 'DG-sg', 'LGd-co', 'LGd-sh', 'LP', 'MB', 'MGd', 'MGm', 'MGv', 'MRN', 'NOT', 'PIL', 'POL', 'POST', 'PoT', 'RN', 'root', 'RSPd', 'SCig', 'SCiw', 'SGN', 'TH', 'VISal', 'VISam', 'VISl', 'VISp', 'VISpm', 'VISrl']",G,22,1,Familiar,0,903,,
1063010385,1063068136,2020-11-12 15:27:33.661000+00:00,NP.1,EPHYS_1_images_H_3uL_reward,541234,wt/wt,M,NeuropixelVisualBehavior,134,1730,6,2304,"['APN', 'CA1', 'CA3', 'DG-mo', 'DG-po', 'DG-sg', 'HPF', 'LGd-co', 'LGd-sh', 'LP', 'MB', 'MGd', 'MGm', 'MGv', 'MRN', 'PIL', 'POL', 'POST', 'PoT', 'PP', 'root', 'SCig', 'SCiw', 'SGN', 'TH', 'VISal', 'VISam', 'VISl', 'VISp', 'VISpm', 'VISrl']",H,0,2,Novel,1,904,,
1064400234,1064442478,2020-11-18 14:45:26.403000+00:00,NP.1,EPHYS_1_images_G_3uL_reward,544456,Sst-IRES-Cre/wt;Ai32(RCL-ChR2(H134R)_EYFP)/wt,M,NeuropixelVisualBehavior,119,2118,6,2304,"['APN', 'CA1', 'CA3', 'DG-mo', 'DG-po', 'DG-sg', 'Eth', 'HPF', 'LGd-co', 'LGd-sh', 'LGv', 'LP', 'MB', 'MGd', 'MGm', 'MGv', 'MRN', 'NOT', 'PIL', 'POST', 'root', 'SCig', 'SGN', 'SUB', 'TH', 'VISal', 'VISam', 'VISl', 'VISp', 'VISpm', 'VISrl', 'ZI']",G,17,1,Familiar,0,906,,
1064415305,1064445631,2020-11-18 15:13:44.741000+00:00,NP.0,EPHYS_1_images_G_3uL_reward,536480,Vip-IRES-Cre/wt;Ai32(RCL-ChR2(H134R)_EYFP)/wt,M,NeuropixelVisualBehavior,169,2455,6,2304,"['APN', 'CA1', 'CA3', 'DG-mo', 'DG-po', 'DG-sg', 'Eth', 'FF', 'HPF', 'HY', 'LGd-co', 'LGd-sh', 'LP', 'LT', 'MB', 'MGd', 'MGm', 'MGv', 'MRN', 'PIL', 'POL', 'POST', 'PoT', 'PP', 'PRE', 'ProS', 'RN', 'root', 'SGN', 'SNr', 'SUB', 'TH', 'VISal', 'VISam', 'VISl', 'VISp', 'VISpm', 'VISrl', 'ZI']",G,41,1,Familiar,0,907,,
1064639378,1064668541,2020-11-19 15:34:05.797000+00:00,NP.0,EPHYS_1_images_H_3uL_reward,536480,Vip-IRES-Cre/wt;Ai32(RCL-ChR2(H134R)_EYFP)/wt,M,NeuropixelVisualBehavior,170,2320,6,2304,"['APN', 'CA1', 'CA3', 'DG-mo', 'DG-po', 'DG-sg', 'grey', 'HPF', 'LGd-co', 'LGd-sh', 'LP', 'LT', 'MB', 'MGd', 'MGm', 'MGv', 'MRN', 'PIL', 'POL', 'POST', 'PoT', 'PP', 'PRE', 'root', 'SGN', 'SPFp', 'SUB', 'TH', 'VISal', 'VISam', 'VISl', 'VISp', 'VISpm', 'VISrl']",H,0,2,Novel,1,908,,
1064644573,1064666428,2020-11-19 15:18:01.372000+00:00,NP.1,EPHYS_1_images_H_3uL_reward,544456,Sst-IRES-Cre/wt;Ai32(RCL-ChR2(H134R)_EYFP)/wt,M,NeuropixelVisualBehavior,120,2254,6,2304,"['APN', 'CA1', 'CA3', 'DG-mo', 'DG-po', 'DG-sg', 'Eth', 'HPF', 'LGd-sh', 'LP', 'LT', 'MB', 'MGd', 'MGm', 'MGv', 'MRN', 'NB', 'NOT', 'PIL', 'POL', 'POST', 'ProS', 'root', 'SUB', 'TH', 'VISal', 'VISam', 'VISl', 'VISp', 'VISpm', 'VISrl']",H,0,2,Novel,1,909,,
1065437523,1065499125,2020-11-23 16:05:56.248000+00:00,NP.0,EPHYS_1_images_G_3uL_reward,544358,Sst-IRES-Cre/wt;Ai32(RCL-ChR2(H134R)_EYFP)/wt,F,NeuropixelVisualBehavior,125,2404,6,2304,"['APN', 'CA1', 'CA3', 'DG-mo', 'DG-po', 'DG-sg', 'HPF', 'LP', 'LT', 'MB', 'MGm', 'MGv', 'MRN', 'NOT', 'PIL', 'POST', 'PoT', 'PP', 'ProS', 'RN', 'root', 'SGN', 'SUB', 'TH', 'VISal', 'VISam', 'VISl', 'VISp', 'VISpm', 'VISrl']",G,19,1,Familiar,0,910,,
1065449881,1065491938,2020-11-23 15:30:32.449000+00:00,NP.1,EPHYS_1_images_G_3uL_reward,544838,wt/wt,M,NeuropixelVisualBehavior,122,2673,6,2304,"['APN', 'CA1', 'CA3', 'DG-mo', 'DG-po', 'DG-sg', 'HPF', 'LGd-co', 'LGd-ip', 'LGd-sh', 'LGv', 'LP', 'MB', 'MGd', 'MGm', 'MRN', 'NB', 'NOT', 'POST', 'PoT', 'PRE', 'ProS', 'RN', 'root', 'SGN', 'SPFp', 'TH', 'VISal', 'VISam', 'VISl', 'VISp', 'VISpm', 'VISrl', 'ZI']",G,20,1,Familiar,0,911,,
1065905010,1065929713,2020-11-24 14:21:48.847000+00:00,NP.0,EPHYS_1_images_H_3uL_reward,544358,Sst-IRES-Cre/wt;Ai32(RCL-ChR2(H134R)_EYFP)/wt,F,NeuropixelVisualBehavior,126,1998,6,2304,"['APN', 'CA1', 'CA3', 'DG-mo', 'DG-po', 'DG-sg', 'HPF', 'LP', 'LT', 'MB', 'MGd', 'MGm', 'MRN', 'NB', 'POL', 'POST', 'PoT', 'PP', 'PRE', 'RN', 'root', 'SGN', 'TH', 'VISal', 'VISam', 'VISl', 'VISp', 'VISpm', 'VISrl']",H,0,2,Novel,1,912,,
1065908084,1065927708,2020-11-24 14:07:51.473000+00:00,NP.1,EPHYS_1_images_H_3uL_reward,544838,wt/wt,M,NeuropixelVisualBehavior,123,2050,6,2304,"['APN', 'CA1', 'CA3', 'DG-mo', 'DG-po', 'DG-sg', 'HPF', 'LGd-co', 'LGd-sh', 'LGv', 'LP', 'MB', 'MGd', 'MGm', 'MRN', 'NB', 'NOT', 'POST', 'PoT', 'PRE', 'ProS', 'RN', 'root', 'SGN', 'TH', 'VISal', 'VISam', 'VISl', 'VISp', 'VISpm', 'VISrl', 'ZI']",H,0,2,Novel,1,913,,
1067588044,1067611872,2020-12-02 14:30:13.586000+00:00,NP.0,EPHYS_1_images_G_3uL_reward,544836,wt/wt,M,NeuropixelVisualBehavior,131,2551,6,2304,"['APN', 'CA1', 'CA3', 'DG-mo', 'DG-po', 'DG-sg', 'grey', 'HPF', 'LGd-co', 'LGd-sh', 'LP', 'MB', 'MGd', 'MGm', 'MGv', 'MRN', 'NB', 'NOT', 'PIL', 'POL', 'POST', 'PoT', 'PPT', 'PRE', 'ProS', 'RN', 'root', 'SCig', 'SGN', 'SUB', 'TH', 'VISal', 'VISam', 'VISl', 'VISp', 'VISpm', 'VISrl']",G,26,1,Familiar,0,914,,
1067781390,1067817036,2020-12-03 14:18:28.693000+00:00,NP.0,EPHYS_1_images_H_3uL_reward,544836,wt/wt,M,NeuropixelVisualBehavior,132,1890,6,2304,"['APN', 'CA1', 'CA3', 'DG-mo', 'DG-po', 'DG-sg', 'DT', 'grey', 'HPF', 'LGd-co', 'LGd-sh', 'LP', 'MB', 'MGd', 'MGm', 'MGv', 'MRN', 'NOT', 'PIL', 'POL', 'POST', 'PoT', 'PPT', 'PRE', 'ProS', 'RN', 'root', 'SGN', 'SUB', 'TH', 'VISal', 'VISam', 'VISl', 'VISp', 'VISpm', 'VISrl']",H,0,2,Novel,1,915,,
1069461581,1069518782,2020-12-10 14:04:24.701000+00:00,NP.0,EPHYS_1_images_H_3uL_reward,545994,Sst-IRES-Cre/wt;Ai32(RCL-ChR2(H134R)_EYFP)/wt,M,NeuropixelVisualBehavior,131,1886,6,2304,"['grey', 'root', 'VISal', 'VISam', 'VISl', 'VISp', 'VISpm', 'VISrl']",H,0,2,Novel,1,920,,
1071300149,1071409007,2020-12-17 14:59:40.168000+00:00,NP.1,EPHYS_1_images_H_3uL_reward,548465,wt/wt,M,NeuropixelVisualBehavior,124,1802,6,2304,"['APN', 'CA1', 'CA3', 'DG-mo', 'DG-po', 'DG-sg', 'HPF', 'LP', 'MB', 'MGd', 'MGm', 'MGv', 'MRN', 'NB', 'PIL', 'POL', 'POST', 'PRE', 'ProS', 'root', 'SPFp', 'SUB', 'TH', 'VISal', 'VISam', 'VISl', 'VISp', 'VISpm', 'VISrl']",H,0,2,Novel,1,922,,
1081079981,1081118392,2021-02-03 13:49:34.800000+00:00,NP.0,EPHYS_1_images_G_3uL_reward,548720,wt/wt,F,NeuropixelVisualBehavior,170,2331,6,2304,"['APN', 'CA1', 'DG-mo', 'DG-po', 'DG-sg', 'HPF', 'LP', 'MB', 'MGd', 'MGm', 'MGv', 'MRN', 'NOT', 'PIL', 'POL', 'POST', 'PPT', 'ProS', 'root', 'SCig', 'SGN', 'SUB', 'VIS', 'VISal', 'VISam', 'VISl', 'VISp', 'VISpm']",G,23,1,Familiar,0,934,,
1081090969,1081125370,2021-02-03 14:22:10.165000+00:00,NP.1,EPHYS_1_images_G_3uL_reward,548721,wt/wt,F,NeuropixelVisualBehavior,170,2467,6,2304,"['APN', 'CA1', 'CA3', 'DG-mo', 'DG-po', 'DG-sg', 'Eth', 'FF', 'HPF', 'HY', 'LGd-co', 'LGd-sh', 'LP', 'LT', 'MB', 'MGd', 'MGm', 'MGv', 'MRN', 'NB', 'PIL', 'POL', 'POST', 'PoT', 'PRE', 'root', 'SPFp', 'TH', 'VISal', 'VISam', 'VISl', 'VISp', 'VISpm', 'VISrl', 'ZI']",G,23,1,Familiar,0,935,,
1081429294,1081474898,2021-02-04 14:53:48.476000+00:00,NP.0,EPHYS_1_images_H_3uL_reward,548720,wt/wt,F,NeuropixelVisualBehavior,171,1693,6,2304,"['APN', 'CA1', 'DG-mo', 'DG-po', 'DG-sg', 'HPF', 'LP', 'MB', 'MGd', 'MGm', 'MGv', 'MRN', 'NOT', 'PIL', 'POL', 'POST', 'PoT', 'PPT', 'ProS', 'RN', 'root', 'SCig', 'SGN', 'SUB', 'VISal', 'VISam', 'VISl', 'VISp', 'VISpm', 'VISrl']",H,0,2,Novel,1,937,,
1081431006,1081469485,2021-02-04 14:29:30.513000+00:00,NP.1,EPHYS_1_images_H_3uL_reward,548721,wt/wt,F,NeuropixelVisualBehavior,171,2135,6,2304,"['APN', 'CA1', 'CA3', 'DG-mo', 'DG-po', 'DG-sg', 'Eth', 'HPF', 'LGd-co', 'LGd-sh', 'LP', 'LT', 'MB', 'MGm', 'MGv', 'MRN', 'NB', 'PIL', 'POL', 'POST', 'PoT', 'PP', 'PRE', 'ProS', 'root', 'SGN', 'SNc', 'SNr', 'SPFp', 'SUB', 'TH', 'VISal', 'VISam', 'VISl', 'VISp', 'VISpm', 'VISrl']",H,0,2,Novel,1,938,,
1086200042,1086220230,2021-02-24 14:33:38.933000+00:00,NP.1,EPHYS_1_images_G_3uL_reward,554013,Sst-IRES-Cre/wt;Ai32(RCL-ChR2(H134R)_EYFP)/wt,F,NeuropixelVisualBehavior,156,1485,5,1920,"['APN', 'CA1', 'CA3', 'DG-mo', 'DG-po', 'DG-sg', 'HPF', 'LGv', 'MB', 'MGd', 'MGm', 'MGv', 'MRN', 'NB', 'NOT', 'PIL', 'POST', 'PPT', 'PRE', 'ProS', 'RN', 'root', 'SCig', 'SPFp', 'SUB', 'TH', 'VISal', 'VISam', 'VISl', 'VISp', 'VISpm', 'ZI']",G,18,1,Familiar,0,943,,
1086410738,1086446431,2021-02-25 15:03:47.338000+00:00,NP.1,EPHYS_1_images_H_3uL_reward,554013,Sst-IRES-Cre/wt;Ai32(RCL-ChR2(H134R)_EYFP)/wt,F,NeuropixelVisualBehavior,157,1550,6,2304,"['APN', 'CA1', 'CA3', 'DG-mo', 'DG-po', 'DG-sg', 'HPF', 'LGd-sh', 'LP', 'MB', 'MGd', 'MGm', 'MGv', 'MRN', 'NOT', 'POL', 'POST', 'PoT', 'PPT', 'PRE', 'ProS', 'RN', 'root', 'SCig', 'SGN', 'SPFp', 'SUB', 'TH', 'VISal', 'VISam', 'VISl', 'VISp', 'VISpm', 'VISrl']",H,0,2,Novel,1,944,,
1087720624,1087742174,2021-03-03 14:56:36.399000+00:00,NP.0,EPHYS_1_images_G_3uL_reward,556014,Sst-IRES-Cre/wt;Ai32(RCL-ChR2(H134R)_EYFP)/wt,M,NeuropixelVisualBehavior,149,2517,5,1920,"['APN', 'CA1', 'CA3', 'DG-mo', 'DG-po', 'DG-sg', 'HPF', 'LP', 'MB', 'MGd', 'MGm', 'MGv', 'MRN', 'NB', 'NOT', 'POL', 'POST', 'PoT', 'PPT', 'PRE', 'ProS', 'root', 'SNr', 'SUB', 'TH', 'VISal', 'VISl', 'VISp', 'VISpm', 'VISrl']",G,24,1,Familiar,0,946,,
1087992708,1088053452,2021-03-04 14:37:22.912000+00:00,NP.0,EPHYS_1_images_H_3uL_reward,556014,Sst-IRES-Cre/wt;Ai32(RCL-ChR2(H134R)_EYFP)/wt,M,NeuropixelVisualBehavior,150,3043,6,2304,"['APN', 'CA1', 'CA3', 'DG-mo', 'DG-po', 'DG-sg', 'grey', 'HPF', 'LP', 'MB', 'MGd', 'MGm', 'MRN', 'NB', 'NOT', 'POL', 'POST', 'PoT', 'PRE', 'root', 'SNr', 'TH', 'VISal', 'VISam', 'VISl', 'VISp', 'VISpm', 'VISrl']",H,0,2,Novel,1,948,,
1089296550,1089343256,2021-03-10 14:24:06.841000+00:00,NP.0,EPHYS_1_images_G_3uL_reward,556016,Sst-IRES-Cre/wt;Ai32(RCL-ChR2(H134R)_EYFP)/wt,M,NeuropixelVisualBehavior,156,3012,6,2304,"['CA1', 'CA3', 'DG-mo', 'DG-po', 'DG-sg', 'HPF', 'MB', 'MGd', 'MGm', 'MGv', 'MRN', 'NOT', 'PIL', 'POST', 'PPT', 'PRE', 'ProS', 'RN', 'root', 'RR', 'SCig', 'SCiw', 'SNr', 'VIS', 'VISal', 'VISam', 'VISp', 'VISpm', 'VISrl']",G,21,1,Familiar,0,950,,
1090803859,1090830527,2021-03-17 14:55:00.455000+00:00,NP.1,EPHYS_1_images_G_3uL_reward,553960,Vip-IRES-Cre/wt;Ai32(RCL-ChR2(H134R)_EYFP)/wt,M,NeuropixelVisualBehavior,178,2367,6,2304,"['APN', 'CA1', 'CA3', 'DG-mo', 'DG-po', 'DG-sg', 'FF', 'HPF', 'LGd-co', 'LGd-sh', 'LT', 'MB', 'MGd', 'MGm', 'MGv', 'MRN', 'NB', 'NOT', 'PIL', 'POST', 'PoT', 'PP', 'PPT', 'PRE', 'root', 'SNr', 'SPFp', 'SUB', 'TH', 'VISal', 'VISam', 'VISl', 'VISp', 'VISpm', 'VISrl', 'ZI']",G,30,1,Familiar,0,951,,
1091039376,1091068323,2021-03-18 14:09:41.347000+00:00,NP.1,EPHYS_1_images_H_3uL_reward,553960,Vip-IRES-Cre/wt;Ai32(RCL-ChR2(H134R)_EYFP)/wt,M,NeuropixelVisualBehavior,179,1877,6,2304,"['APN', 'CA1', 'CA2', 'CA3', 'DG-mo', 'DG-po', 'DG-sg', 'LGd-co', 'LGd-ip', 'LGd-sh', 'LT', 'MB', 'MGd', 'MGm', 'MGv', 'MRN', 'NOT', 'PIL', 'POL', 'POST', 'PoT', 'PP', 'root', 'SPFp', 'SUB', 'TH', 'VISal', 'VISam', 'VISl', 'VISp', 'VISpm', 'VISrll']",H,0,2,Novel,1,952,,
1091039902,1091070296,2021-03-18 14:21:13.413000+00:00,NP.0,EPHYS_1_images_H_3uL_reward,555304,Vip-IRES-Cre/wt;Ai32(RCL-ChR2(H134R)_EYFP)/wt,M,NeuropixelVisualBehavior,168,2617,6,2304,"['APN', 'CA1', 'CA3', 'DG-mo', 'DG-po', 'DG-sg', 'grey', 'LP', 'LT', 'MB', 'MGd', 'MGm', 'MGv', 'MRN', 'NB', 'NOT', 'PIL', 'POL', 'POST', 'PoT', 'PRE', 'ProS', 'RN', 'root', 'SGN', 'SNr', 'SUB', 'TH', 'VISal', 'VISam', 'VISl', 'VISp', 'VISpm', 'VISrl']",H,0,2,Novel,1,953,,
1092283837,1092312238,2021-03-24 15:47:12.529000+00:00,NP.0,EPHYS_1_images_G_3uL_reward,560771,Vip-IRES-Cre/wt;Ai32(RCL-ChR2(H134R)_EYFP)/wt,M,NeuropixelVisualBehavior,132,2732,6,2304,"['APN', 'CA1', 'CA3', 'DG-mo', 'DG-po', 'DG-sg', 'Eth', 'LGd-co', 'LGd-sh', 'LGv', 'LP', 'MB', 'MGd', 'MGm', 'MGv', 'MRN', 'PIL', 'POST', 'PoT', 'PP', 'ProS', 'root', 'SGN', 'SNr', 'SPFp', 'SUB', 'TH', 'VISal', 'VISam', 'VISp', 'VISpm', 'VISrl', 'ZI']",G,23,1,Familiar,0,954,,
1092466205,1092494311,2021-03-25 15:18:29.546000+00:00,NP.0,EPHYS_1_images_H_3uL_reward,560771,Vip-IRES-Cre/wt;Ai32(RCL-ChR2(H134R)_EYFP)/wt,M,NeuropixelVisualBehavior,133,2201,6,2304,"['APN', 'CA1', 'CA3', 'DG-mo', 'DG-sg', 'FF', 'HPF', 'LGd-co', 'LGd-sh', 'LP', 'MB', 'MGd', 'MGm', 'MRN', 'PIL', 'POL', 'POST', 'PoT', 'ProS', 'root', 'SGN', 'SNr', 'SPFp', 'SUB', 'TH', 'VISal', 'VISam', 'VISl', 'VISp', 'VISpm', 'VISrl', 'VPLpc']",H,0,2,Novel,1,955,,
1093638203,1093668878,2021-03-31 13:51:31.146000+00:00,NP.0,EPHYS_1_images_G_3uL_reward,560356,Sst-IRES-Cre/wt;Ai32(RCL-ChR2(H134R)_EYFP)/wt,F,NeuropixelVisualBehavior,143,3029,6,2304,"['APN', 'CA1', 'CA3', 'DG-mo', 'DG-po', 'DG-sg', 'HPF', 'LP', 'MB', 'MGd', 'MRN', 'NB', 'POL', 'POST', 'PRE', 'ProS', 'root', 'SCig', 'SCiw', 'SNr', 'SUB', 'VISal', 'VISam', 'VISl', 'VISp', 'VISpm', 'VISrl']",G,26,1,Familiar,0,956,,
1093642839,1093670602,2021-03-31 14:00:16.495000+00:00,NP.1,EPHYS_1_images_G_3uL_reward,553253,Vip-IRES-Cre/wt;Ai32(RCL-ChR2(H134R)_EYFP)/wt,F,NeuropixelVisualBehavior,196,2378,6,2304,"['APN', 'CA1', 'CA3', 'DG-mo', 'DG-po', 'DG-sg', 'HPF', 'LGd-co', 'LGd-sh', 'MB', 'MGd', 'MGv', 'NOT', 'PIL', 'PRE', 'ProS', 'root', 'SCig', 'SUB', 'TH', 'VISal', 'VISam', 'VISl', 'VISp', 'VISpm', 'VISrl']",G,33,1,Familiar,0,957,,
1093864136,1093938328,2021-04-01 14:43:52.154000+00:00,NP.1,EPHYS_1_images_H_3uL_reward,553253,Vip-IRES-Cre/wt;Ai32(RCL-ChR2(H134R)_EYFP)/wt,F,NeuropixelVisualBehavior,197,2202,6,2304,"['CA1', 'CA3', 'DG-mo', 'DG-po', 'DG-sg', 'grey', 'HPF', 'LGd-sh', 'MB', 'MGd', 'MGm', 'MGv', 'MRN', 'PIL', 'POST', 'PoT', 'PP', 'PRE', 'ProS', 'root', 'SCig', 'SNr', 'TH', 'VISal', 'VISam', 'VISl', 'VISp', 'VISpm', 'VISrl']",H,0,2,Novel,1,958,,
1093867806,1093935326,2021-04-01 14:29:33.792000+00:00,NP.0,EPHYS_1_images_H_3uL_reward,560356,Sst-IRES-Cre/wt;Ai32(RCL-ChR2(H134R)_EYFP)/wt,F,NeuropixelVisualBehavior,144,1928,6,2304,"['APN', 'CA1', 'CA3', 'DG-mo', 'DG-po', 'DG-sg', 'HPF', 'LP', 'MB', 'MGd', 'MGm', 'MRN', 'NB', 'POL', 'POST', 'PoT', 'ProS', 'root', 'SCig', 'SCiw', 'SNr', 'SUB', 'TH', 'VISal', 'VISam', 'VISl', 'VISp', 'VISpm', 'VISrl']",H,0,2,Novel,1,959,,
1095138995,1095177109,2021-04-07 14:15:32.733000+00:00,NP.0,EPHYS_1_images_G_3uL_reward,558306,Sst-IRES-Cre/wt;Ai32(RCL-ChR2(H134R)_EYFP)/wt,M,NeuropixelVisualBehavior,167,2381,6,2304,"['APN', 'CA1', 'CA3', 'DG-mo', 'DG-po', 'DG-sg', 'HPF', 'LP', 'MB', 'MGd', 'MGm', 'MRN', 'NB', 'NOT', 'POL', 'POST', 'PoT', 'PPT', 'ProS', 'RN', 'root', 'SGN', 'SUB', 'TH', 'VISal', 'VISam', 'VISl', 'VISp', 'VISpm', 'VISrl']",G,38,1,Familiar,0,960,,
1095340643,1095376453,2021-04-08 14:01:56.723000+00:00,NP.0,EPHYS_1_images_H_3uL_reward,558306,Sst-IRES-Cre/wt;Ai32(RCL-ChR2(H134R)_EYFP)/wt,M,NeuropixelVisualBehavior,168,1945,6,2304,"['APN', 'CA1', 'CA3', 'DG-mo', 'DG-po', 'DG-sg', 'LP', 'MB', 'MGd', 'MGm', 'MRN', 'NB', 'NOT', 'POL', 'POST', 'PRE', 'ProS', 'RN', 'root', 'SGN', 'SUB', 'VISal', 'VISam', 'VISl', 'VISp', 'VISpm', 'VISrl']",H,0,2,Novel,1,961,,
1096620314,1096694612,2021-04-14 14:06:10.020000+00:00,NP.0,EPHYS_1_images_G_3uL_reward,560770,Vip-IRES-Cre/wt;Ai32(RCL-ChR2(H134R)_EYFP)/wt,M,NeuropixelVisualBehavior,153,2755,6,2304,"['APN', 'CA1', 'CA3', 'DG-mo', 'DG-po', 'DG-sg', 'DT', 'Eth', 'HPF', 'LGd-co', 'LGd-sh', 'LP', 'MB', 'MGd', 'MGm', 'MGv', 'MRN', 'PIL', 'POL', 'POST', 'PoT', 'root', 'SGN', 'SUB', 'TH', 'VISal', 'VISam', 'VISl', 'VISp', 'VISpm', 'VISrl']",G,38,1,Familiar,0,962,,
1096935816,1096959372,2021-04-15 14:37:33.582000+00:00,NP.0,EPHYS_1_images_H_3uL_reward,560770,Vip-IRES-Cre/wt;Ai32(RCL-ChR2(H134R)_EYFP)/wt,M,NeuropixelVisualBehavior,154,1724,6,2304,"['APN', 'CA1', 'CA3', 'DG-mo', 'DG-po', 'DG-sg', 'DT', 'Eth', 'grey', 'HPF', 'LGd-co', 'LGd-ip', 'LGd-sh', 'LP', 'MB', 'MGd', 'MGm', 'MGv', 'PIL', 'POL', 'POST', 'PoT', 'root', 'SGN', 'SPFp', 'SUB', 'TH', 'VISal', 'VISam', 'VISl', 'VISp', 'VISpm', 'VISrl']",H,0,2,Novel,1,963,,
1098119201,1098148095,2021-04-21 14:34:29.474000+00:00,NP.0,EPHYS_1_images_G_3uL_reward,563323,Sst-IRES-Cre/wt;Ai32(RCL-ChR2(H134R)_EYFP)/wt,M,NeuropixelVisualBehavior,140,2679,6,2304,"['APN', 'CA1', 'CA3', 'DG-mo', 'DG-po', 'DG-sg', 'HPF', 'LP', 'MB', 'MGd', 'MGm', 'MGv', 'MRN', 'NB', 'PIL', 'POST', 'PoT', 'PRE', 'ProS', 'root', 'SGN', 'SPFp', 'SUB', 'TH', 'VISal', 'VISam', 'VISl', 'VISp', 'VISpm', 'VISrl']",G,24,1,Familiar,0,964,,
1099598937,1099625106,2021-04-28 13:41:43.554000+00:00,NP.0,EPHYS_1_images_H_3uL_reward,560962,wt/wt,M,NeuropixelVisualBehavior,166,2888,6,2304,"['grey', 'root', 'VISal', 'VISam', 'VISl', 'VISp', 'VISpm', 'VISrl']",H,17,1,Familiar,0,966,,
1099869737,1099904879,2021-04-29 14:18:47.554000+00:00,NP.0,EPHYS_1_images_G_3uL_reward,560962,wt/wt,M,NeuropixelVisualBehavior,167,2009,6,2304,"['grey', 'root', 'VISal', 'VISam', 'VISl', 'VISp', 'VISpm', 'VISrl']",G,0,2,Novel,1,967,,
1104052767,1104106044,2021-05-19 14:16:18.728000+00:00,NP.1,EPHYS_1_images_H_3uL_reward,560964,wt/wt,F,NeuropixelVisualBehavior,187,2411,6,2304,"['APN', 'CA1', 'CA3', 'DG-mo', 'DG-po', 'DG-sg', 'DT', 'HPF', 'LP', 'MB', 'MGd', 'MGm', 'MGv', 'MRN', 'NOT', 'PIL', 'POL', 'POST', 'PoT', 'PP', 'ProS', 'root', 'SGN', 'TH', 'VISal', 'VISam', 'VISp', 'VISpm', 'VISrl']",H,37,1,Familiar,0,972,,
1104058216,1104103368,2021-05-19 14:03:17.352000+00:00,NP.0,EPHYS_1_images_G_3uL_reward,563497,Sst-IRES-Cre/wt;Ai32(RCL-ChR2(H134R)_EYFP)/wt,F,NeuropixelVisualBehavior,167,1405,6,2304,"['CA1', 'root', 'SUB', 'VISal', 'VISam', 'VISl', 'VISp', 'VISpm', 'VISrl']",G,36,1,Familiar,0,973,,
1104289498,1104327081,2021-05-20 14:45:32.653000+00:00,NP.0,EPHYS_1_images_H_3uL_reward,563497,Sst-IRES-Cre/wt;Ai32(RCL-ChR2(H134R)_EYFP)/wt,F,NeuropixelVisualBehavior,168,1103,6,2304,"['CA1', 'HPF', 'root', 'SUB', 'VISal', 'VISam', 'VISl', 'VISp', 'VISpm', 'VISrl']",H,0,2,Novel,1,974,,
1104297538,1104327579,2021-05-20 14:52:47.422000+00:00,NP.1,EPHYS_1_images_G_3uL_reward,560964,wt/wt,F,NeuropixelVisualBehavior,188,2160,6,2304,"['APN', 'CA1', 'CA3', 'DG-mo', 'DG-po', 'DG-sg', 'DT', 'HPF', 'LGd-co', 'LGd-sh', 'LP', 'MB', 'MGd', 'MGm', 'MGv', 'MRN', 'NOT', 'PIL', 'POL', 'POST', 'PoT', 'ProS', 'root', 'TH', 'VISal', 'VISam', 'VISl', 'VISp', 'VISpm', 'VISrl']",G,0,2,Novel,1,975,,
1105543760,1105594809,2021-05-26 13:37:21.853000+00:00,NP.1,EPHYS_1_images_G_3uL_reward,567286,Sst-IRES-Cre/wt;Ai32(RCL-ChR2(H134R)_EYFP)/wt,F,NeuropixelVisualBehavior,143,1436,6,2304,"['CA1', 'CA3', 'DG-mo', 'DG-po', 'DG-sg', 'MB', 'root', 'SUB', 'VISal', 'VISam', 'VISl', 'VISp', 'VISpm', 'VISrl']",G,27,1,Familiar,0,976,,
1105798776,1105829335,2021-05-27 13:44:25.052000+00:00,NP.1,EPHYS_1_images_H_3uL_reward,567286,Sst-IRES-Cre/wt;Ai32(RCL-ChR2(H134R)_EYFP)/wt,F,NeuropixelVisualBehavior,144,1281,6,2304,"['CA1', 'CA2', 'CA3', 'DG-mo', 'DG-sg', 'root', 'SUB', 'VISal', 'VISam', 'VISl', 'VISp', 'VISpm', 'VISrl']",H,0,2,Novel,1,978,,
1108334384,1108369066,2021-06-09 13:35:12.495000+00:00,NP.1,EPHYS_1_images_G_3uL_reward,570301,Sst-IRES-Cre/wt;Ai32(RCL-ChR2(H134R)_EYFP)/wt,F,NeuropixelVisualBehavior,135,1846,6,2304,"['APN', 'CA1', 'CA3', 'DG-mo', 'DG-sg', 'HPF', 'LGd-co', 'LGd-ip', 'LGd-sh', 'LP', 'MB', 'MGd', 'root', 'SGN', 'SUB', 'TH', 'VISal', 'VISam', 'VISl', 'VISp', 'VISpm', 'VISrl']",G,21,1,Familiar,0,981,,
1108335514,1108365127,2021-06-09 13:16:47.251000+00:00,NP.0,EPHYS_1_images_H_3uL_reward,571520,wt/wt,M,NeuropixelVisualBehavior,126,1812,6,2304,"['APN', 'CA1', 'CA3', 'DG-mo', 'DG-po', 'DG-sg', 'HPF', 'LGd-co', 'LGd-ip', 'LGd-sh', 'LP', 'MB', 'MGd', 'MGm', 'MGv', 'MRN', 'NB', 'NOT', 'POST', 'PoT', 'PRE', 'ProS', 'root', 'SGN', 'SUB', 'TH', 'VISal', 'VISam', 'VISl', 'VISp', 'VISpm', 'VISrl']",H,24,1,Familiar,0,982,,
1108528422,1108565586,2021-06-10 13:45:04.529000+00:00,NP.0,EPHYS_1_images_G_3uL_reward,571520,wt/wt,M,NeuropixelVisualBehavior,127,1349,6,2304,"['APN', 'CA1', 'CA3', 'DG-mo', 'DG-po', 'DG-sg', 'HPF', 'LGd-sh', 'LP', 'MB', 'MGd', 'MGm', 'MGv', 'NB', 'NOT', 'POL', 'POST', 'PRE', 'ProS', 'root', 'SGN', 'TH', 'VISal', 'VISam', 'VISl', 'VISp', 'VISpm', 'VISrl']",G,0,2,Novel,1,983,,
1108531612,1108567373,2021-06-10 13:49:08.150000+00:00,NP.1,EPHYS_1_images_H_3uL_reward,570301,Sst-IRES-Cre/wt;Ai32(RCL-ChR2(H134R)_EYFP)/wt,F,NeuropixelVisualBehavior,136,1344,6,2304,"['APN', 'CA1', 'CA3', 'DG-mo', 'DG-sg', 'HPF', 'LGd-co', 'LGd-sh', 'LP', 'MB', 'MGd', 'root', 'SGN', 'SUB', 'TH', 'VISal', 'VISam', 'VISl', 'VISp', 'VISpm', 'VISrl']",H,0,2,Novel,1,984,,
1109680280,1109709062,2021-06-16 13:53:18.572000+00:00,NP.1,EPHYS_1_images_H_3uL_reward,568022,wt/wt,M,NeuropixelVisualBehavior,160,1347,3,1152,"['CA1', 'DG-mo', 'DG-po', 'DG-sg', 'LP', 'MB', 'MGd', 'MGv', 'MRN', 'NB', 'POL', 'root', 'SGN', 'TH', 'VISal', 'VISl', 'VISrl']",H,37,1,Familiar,0,985,,
1109889304,1109924339,2021-06-17 14:00:33.924000+00:00,NP.1,EPHYS_1_images_G_3uL_reward,568022,wt/wt,M,NeuropixelVisualBehavior,161,1996,6,2304,"['APN', 'CA1', 'DG-mo', 'DG-po', 'DG-sg', 'LP', 'MB', 'MGd', 'MGm', 'MGv', 'MRN', 'NB', 'NOT', 'POL', 'POST', 'PoT', 'PPT', 'ProS', 'root', 'SCig', 'SCiw', 'SGN', 'SUB', 'TH', 'VISal', 'VISam', 'VISl', 'VISp', 'VISpm', 'VISrl']",G,0,2,Novel,1,986,,
1111013640,1111047108,2021-06-23 13:11:39.631000+00:00,NP.1,EPHYS_1_images_G_3uL_reward,568963,Vip-IRES-Cre/wt;Ai32(RCL-ChR2(H134R)_EYFP)/wt,M,NeuropixelVisualBehavior,161,2814,6,2304,"['APN', 'CA1', 'CA3', 'DG-mo', 'DG-po', 'DG-sg', 'Eth', 'LP', 'MB', 'MGd', 'MGm', 'MGv', 'MRN', 'NOT', 'POST', 'PoT', 'ProS', 'root', 'SCig', 'SGN', 'VISal', 'VISam', 'VISl', 'VISp', 'VISpm', 'VISrl']",G,49,1,Familiar,0,987,,
1111216934,1111250074,2021-06-24 13:59:17.563000+00:00,NP.1,EPHYS_1_images_H_3uL_reward,568963,Vip-IRES-Cre/wt;Ai32(RCL-ChR2(H134R)_EYFP)/wt,M,NeuropixelVisualBehavior,162,1744,6,2304,"['APN', 'CA1', 'CA3', 'DG-mo', 'DG-po', 'DG-sg', 'Eth', 'HPF', 'LP', 'MB', 'MGd', 'MGm', 'MGv', 'MRN', 'POST', 'ProS', 'root', 'SCig', 'SCiw', 'TH', 'VISal', 'VISam', 'VISl', 'VISp', 'VISpm', 'VISrl']",H,0,2,Novel,1,988,,
1112302803,1112334683,2021-06-30 12:45:29.599000+00:00,NP.1,EPHYS_1_images_G_3uL_reward,572846,Sst-IRES-Cre/wt;Ai32(RCL-ChR2(H134R)_EYFP)/wt,F,NeuropixelVisualBehavior,137,2541,6,2304,"['APN', 'CA1', 'CA3', 'DG-mo', 'DG-po', 'DG-sg', 'DT', 'HPF', 'LGd-co', 'LGd-sh', 'LGv', 'LP', 'MB', 'MGd', 'MGm', 'MGv', 'POL', 'POST', 'root', 'SUB', 'TH', 'VISal', 'VISam', 'VISl', 'VISp', 'VISpm', 'VISrl', 'ZI']",G,23,1,Familiar,0,989,,
1112515874,1112548552,2021-07-01 13:19:23.601000+00:00,NP.1,EPHYS_1_images_H_3uL_reward,572846,Sst-IRES-Cre/wt;Ai32(RCL-ChR2(H134R)_EYFP)/wt,F,NeuropixelVisualBehavior,138,1567,6,2304,"['APN', 'CA1', 'CA3', 'DG-mo', 'DG-po', 'DG-sg', 'DT', 'HPF', 'LGd-co', 'LGd-sh', 'MB', 'MGd', 'MGv', 'POST', 'root', 'SUB', 'TH', 'VISal', 'VISam', 'VISl', 'VISp', 'VISpm', 'VISrl']",H,0,2,Novel,1,990,,
1115077618,1115115786,2021-07-13 16:12:30.397000+00:00,NP.1,EPHYS_1_images_G_3uL_reward,570299,Sst-IRES-Cre/wt;Ai32(RCL-ChR2(H134R)_EYFP)/wt,F,NeuropixelVisualBehavior,169,2022,5,1920,"['APN', 'CA1', 'DG-mo', 'DG-po', 'DG-sg', 'Eth', 'LP', 'MB', 'MGd', 'MGm', 'PoT', 'ProS', 'root', 'SGN', 'SUB', 'TH', 'VISal', 'VISam', 'VISp', 'VISpm', 'VISrl']",G,45,1,Familiar,0,993,,
1115086689,1115115784,2021-07-13 16:11:52.537000+00:00,NP.0,EPHYS_1_images_G_3uL_reward,574078,Sst-IRES-Cre/wt;Ai32(RCL-ChR2(H134R)_EYFP)/wt,M,NeuropixelVisualBehavior,141,2500,6,2304,"['APN', 'CA1', 'CA3', 'DG-mo', 'DG-po', 'DG-sg', 'HPF', 'LGd-co', 'LGd-sh', 'LGv', 'LP', 'MB', 'MGd', 'MGm', 'MRN', 'NOT', 'POST', 'PoT', 'ProS', 'root', 'SCig', 'SGN', 'SUB', 'TH', 'VISal', 'VISam', 'VISl', 'VISp', 'VISpm', 'VISrl']",G,24,1,Familiar,0,994,,
1090800639,1090829963,2021-03-17 14:46:33.454000+00:00,NP.0,EPHYS_1_images_G_3uL_reward,555304,Vip-IRES-Cre/wt;Ai32(RCL-ChR2(H134R)_EYFP)/wt,M,NeuropixelVisualBehavior,167,3033,6,2304,"['APN', 'CA1', 'CA3', 'DG-mo', 'DG-po', 'DG-sg', 'HPF', 'LP', 'LT', 'MB', 'MGd', 'MRN', 'NB', 'POL', 'POST', 'PoT', 'PRE', 'ProS', 'root', 'SGN', 'SNr', 'TH', 'VISal', 'VISam', 'VISl', 'VISp', 'VISpm', 'VISrl']",G,29,1,Familiar,0,995,,
1115356973,1115423017,2021-07-14 15:30:14.987000+00:00,NP.1,EPHYS_1_images_H_3uL_reward,570299,Sst-IRES-Cre/wt;Ai32(RCL-ChR2(H134R)_EYFP)/wt,F,NeuropixelVisualBehavior,170,1867,6,2304,"['APN', 'CA1', 'CA3', 'DG-mo', 'DG-po', 'DG-sg', 'LGd-sh', 'LP', 'MB', 'MGd', 'MGm', 'MGv', 'PoT', 'root', 'SGN', 'SUB', 'TH', 'VISal', 'VISam', 'VISl', 'VISp', 'VISpm', 'VISrl']",H,0,2,Novel,1,996,,
1115368723,1115431348,2021-07-14 15:47:10.705000+00:00,NP.0,EPHYS_1_images_H_3uL_reward,574078,Sst-IRES-Cre/wt;Ai32(RCL-ChR2(H134R)_EYFP)/wt,M,NeuropixelVisualBehavior,142,2291,6,2304,"['APN', 'CA1', 'CA3', 'DG-mo', 'DG-po', 'DG-sg', 'HPF', 'LGd-co', 'LGv', 'LP', 'MB', 'MGm', 'NOT', 'POST', 'PoT', 'ProS', 'root', 'SCig', 'SGN', 'SUB', 'TH', 'VISal', 'VISam', 'VISl', 'VISp', 'VISpm', 'VISrl']",H,0,2,Novel,1,997,,
1116941914,1116979796,2021-07-21 14:28:19.583000+00:00,NP.0,EPHYS_1_images_H_3uL_reward,576323,wt/wt,M,NeuropixelVisualBehavior,131,2178,6,2304,"['APN', 'CA1', 'CA3', 'DG-mo', 'DG-po', 'DG-sg', 'HPF', 'LP', 'MB', 'MGd', 'MGm', 'MRN', 'NB', 'NOT', 'POL', 'POST', 'PPT', 'ProS', 'root', 'SCig', 'SCiw', 'SGN', 'SUB', 'TH', 'VISal', 'VISam', 'VISl', 'VISp', 'VISpm', 'VISrl']",H,17,1,Familiar,0,998,,
1117148442,1117166453,2021-07-22 14:58:15.010000+00:00,NP.0,EPHYS_1_images_G_3uL_reward,576323,wt/wt,M,NeuropixelVisualBehavior,132,2016,6,2304,"['APN', 'CA1', 'CA3', 'DG-mo', 'DG-po', 'DG-sg', 'HPF', 'LP', 'MB', 'MGd', 'MRN', 'NB', 'NOT', 'POL', 'POST', 'PPT', 'ProS', 'root', 'SCig', 'SCiw', 'SGN', 'SUB', 'TH', 'VISal', 'VISam', 'VISl', 'VISp', 'VISpm', 'VISrl']",G,0,2,Novel,1,999,,
1118324999,1118353478,2021-07-28 13:39:01.332000+00:00,NP.1,EPHYS_1_images_H_3uL_reward,576324,wt/wt,F,NeuropixelVisualBehavior,138,2290,6,2304,"['APN', 'CA1', 'DG-mo', 'DG-po', 'DG-sg', 'HPF', 'LP', 'MB', 'MGd', 'MGv', 'NB', 'NOT', 'POST', 'PoT', 'PPT', 'root', 'SCig', 'SGN', 'SUB', 'TH', 'VISal', 'VISam', 'VISl', 'VISp', 'VISpm', 'VISrl']",H,21,1,Familiar,0,1000,,
1118327332,1118353987,2021-07-28 13:45:16.779000+00:00,NP.0,EPHYS_1_images_G_3uL_reward,574082,Sst-IRES-Cre/wt;Ai32(RCL-ChR2(H134R)_EYFP)/wt,M,NeuropixelVisualBehavior,156,2204,6,2304,"['APN', 'CA1', 'CA3', 'DG-mo', 'DG-po', 'DG-sg', 'HPF', 'LGd-co', 'LGd-sh', 'LP', 'MB', 'NOT', 'POL', 'POST', 'PoT', 'PP', 'root', 'SCig', 'SGN', 'SUB', 'TH', 'VISal', 'VISam', 'VISl', 'VISp', 'VISpm', 'VISrl']",G,31,1,Familiar,0,1001,,
1118508667,1118614693,2021-07-29 13:50:20.618000+00:00,NP.0,EPHYS_1_images_H_3uL_reward,574082,Sst-IRES-Cre/wt;Ai32(RCL-ChR2(H134R)_EYFP)/wt,M,NeuropixelVisualBehavior,157,2316,6,2304,"['APN', 'CA1', 'CA3', 'DG-mo', 'DG-po', 'DG-sg', 'HPF', 'LP', 'MB', 'NOT', 'POST', 'PoT', 'PP', 'root', 'SCig', 'SCiw', 'SGN', 'SUB', 'TH', 'VISal', 'VISam', 'VISl', 'VISp', 'VISpm', 'VISrl']",H,0,2,Novel,1,1002,,
1118512505,1118600316,2021-07-29 13:18:24.439000+00:00,NP.1,EPHYS_1_images_G_3uL_reward,576324,wt/wt,F,NeuropixelVisualBehavior,139,1638,6,2304,"['APN', 'CA1', 'DG-mo', 'DG-po', 'DG-sg', 'HPF', 'LP', 'MB', 'MGd', 'MGm', 'MGv', 'NOT', 'PIL', 'POST', 'PoT', 'ProS', 'root', 'SCig', 'SGN', 'SUB', 'TH', 'VISal', 'VISam', 'VISl', 'VISp', 'VISpm', 'VISrl']",G,0,2,Novel,1,1003,,
1119946360,1119976479,2021-08-04 12:58:37.932000+00:00,NP.1,EPHYS_1_images_H_3uL_reward,578003,wt/wt,M,NeuropixelVisualBehavior,130,3388,6,2304,"['APN', 'CA1', 'CA3', 'DG-mo', 'DG-po', 'DG-sg', 'LGd-sh', 'LP', 'MB', 'MGd', 'MGm', 'MGv', 'PIL', 'POL', 'PP', 'PRE', 'ProS', 'root', 'SUB', 'TH', 'VISal', 'VISam', 'VISl', 'VISp', 'VISpm', 'VISrl']",H,21,1,Familiar,0,1004,,
1120251466,1120272974,2021-08-05 13:50:07.381000+00:00,NP.1,EPHYS_1_images_G_3uL_reward,578003,wt/wt,M,NeuropixelVisualBehavior,131,2491,6,2304,"['APN', 'CA1', 'CA3', 'DG-mo', 'DG-po', 'DG-sg', 'LGd-co', 'LGd-sh', 'LP', 'MB', 'MGd', 'MGm', 'MGv', 'NOT', 'PIL', 'PRE', 'ProS', 'root', 'SGN', 'SUB', 'VISal', 'VISam', 'VISl', 'VISp', 'VISpm', 'VISrl']",G,0,2,Novel,1,1005,,
1121406444,1121438973,2021-08-11 13:49:36.212000+00:00,NP.0,EPHYS_1_images_G_3uL_reward,574081,Sst-IRES-Cre/wt;Ai32(RCL-ChR2(H134R)_EYFP)/wt,M,NeuropixelVisualBehavior,170,1924,6,2304,"['APN', 'CA1', 'CA2', 'CA3', 'DG-mo', 'DG-po', 'DG-sg', 'HPF', 'LGd-co', 'LGd-ip', 'LGd-sh', 'LP', 'MB', 'MGd', 'MGv', 'MRN', 'NB', 'POL', 'POST', 'PoT', 'PRE', 'ProS', 'root', 'SSp-bfd', 'TH', 'VISal', 'VISam', 'VISl', 'VISp', 'VISpm']",G,45,1,Familiar,0,1006,,
1121607504,1121648067,2021-08-12 14:01:31.789000+00:00,NP.0,EPHYS_1_images_H_3uL_reward,574081,Sst-IRES-Cre/wt;Ai32(RCL-ChR2(H134R)_EYFP)/wt,M,NeuropixelVisualBehavior,171,1716,6,2304,"['APN', 'CA1', 'CA3', 'DG-mo', 'DG-po', 'DG-sg', 'HPF', 'LGd-co', 'LGd-ip', 'LGd-sh', 'LP', 'LT', 'MB', 'MGd', 'MGm', 'NB', 'POST', 'PoT', 'PRE', 'ProS', 'root', 'SGN', 'VISal', 'VISam', 'VISl', 'VISp', 'VISpm', 'VISrl']",H,0,2,Novel,1,1007,,
1122903357,1122933470,2021-08-18 13:33:50.720000+00:00,NP.1,EPHYS_1_images_H_3uL_reward,570302,Sst-IRES-Cre/wt;Ai32(RCL-ChR2(H134R)_EYFP)/wt,F,NeuropixelVisualBehavior,205,2280,6,2304,"['APN', 'CA1', 'CA3', 'DG-mo', 'DG-po', 'DG-sg', 'HPF', 'LGd-co', 'LGd-sh', 'MB', 'MGd', 'MGm', 'MGv', 'NB', 'NOT', 'PIL', 'POST', 'PP', 'PRE', 'ProS', 'root', 'TH', 'VISal', 'VISam', 'VISl', 'VISp', 'VISpm', 'VISrl']",H,0,1,Novel,0,1008,,
1123100019,1123126929,2021-08-19 13:44:07.538000+00:00,NP.1,EPHYS_1_images_G_3uL_reward,570302,Sst-IRES-Cre/wt;Ai32(RCL-ChR2(H134R)_EYFP)/wt,F,NeuropixelVisualBehavior,206,1947,5,1920,"['APN', 'CA1', 'CA3', 'DG-mo', 'DG-po', 'DG-sg', 'LGd-co', 'LGd-sh', 'MB', 'MGd', 'MGm', 'MGv', 'NOT', 'root', 'SUB', 'TH', 'VISal', 'VISam', 'VISl', 'VISpm', 'VISrl']",G,69,2,Familiar,1,1009,,
1124285719,1124315985,2021-08-25 13:55:58.475000+00:00,NP.0,EPHYS_1_images_H_3uL_reward,577287,Sst-IRES-Cre/wt;Ai32(RCL-ChR2(H134R)_EYFP)/wt,F,NeuropixelVisualBehavior,158,1801,6,2304,"['APN', 'CA1', 'CA3', 'DG-mo', 'DG-po', 'DG-sg', 'HPF', 'LP', 'MB', 'MGd', 'MGm', 'MGv', 'MRN', 'NB', 'NOT', 'POL', 'POST', 'PPT', 'PRE', 'root', 'SCig', 'SCiw', 'SGN', 'TH', 'VISal', 'VISam', 'VISl', 'VISp', 'VISpm', 'VISrl']",H,0,1,Novel,0,1010,,
1124507277,1124536942,2021-08-26 14:32:42.128000+00:00,NP.0,EPHYS_1_images_G_3uL_reward,577287,Sst-IRES-Cre/wt;Ai32(RCL-ChR2(H134R)_EYFP)/wt,F,NeuropixelVisualBehavior,159,2010,6,2304,"['APN', 'CA1', 'CA3', 'DG-mo', 'DG-po', 'DG-sg', 'Eth', 'HPF', 'LP', 'MB', 'MGm', 'MGv', 'MRN', 'NB', 'NOT', 'PIL', 'POL', 'POST', 'PRE', 'ProS', 'root', 'SCig', 'SCiw', 'SGN', 'SUB', 'TH', 'VISal', 'VISam', 'VISl', 'VISp', 'VISpm', 'VISrl']",G,42,2,Familiar,1,1011,,
1125713722,1125752903,2021-09-01 14:24:41.594000+00:00,NP.0,EPHYS_1_images_H_3uL_reward,578257,Sst-IRES-Cre/wt;Ai32(RCL-ChR2(H134R)_EYFP)/wt,F,NeuropixelVisualBehavior,157,2101,6,2304,"['APN', 'CA1', 'CA3', 'DG-mo', 'DG-po', 'DG-sg', 'HPF', 'LP', 'LT', 'MB', 'MRN', 'NB', 'POST', 'PoT', 'PRE', 'ProS', 'root', 'SCig', 'SGN', 'VISal', 'VISam', 'VISl', 'VISp', 'VISpm', 'VISrl']",H,0,1,Novel,0,1012,,
1125937457,1125965838,2021-09-02 14:13:03.019000+00:00,NP.0,EPHYS_1_images_G_3uL_reward,578257,Sst-IRES-Cre/wt;Ai32(RCL-ChR2(H134R)_EYFP)/wt,F,NeuropixelVisualBehavior,158,1807,6,2304,"['APN', 'CA1', 'CA3', 'DG-mo', 'DG-po', 'DG-sg', 'DT', 'HPF', 'LT', 'MB', 'MRN', 'POST', 'PoT', 'PRE', 'ProS', 'root', 'SGN', 'SUB', 'VISal', 'VISam', 'VISl', 'VISp', 'VISpm', 'VISrl']",G,45,2,Familiar,1,1013,,
1128520325,1128557546,2021-09-15 14:12:33.506000+00:00,NP.0,EPHYS_1_images_H_3uL_reward,585326,wt/wt,M,NeuropixelVisualBehavior,119,1862,6,2304,"['APN', 'CA1', 'CA3', 'DG-mo', 'DG-po', 'DG-sg', 'LP', 'MB', 'NOT', 'POL', 'POST', 'PPT', 'root', 'SCig', 'SCiw', 'SGN', 'SUB', 'TH', 'VISal', 'VISam', 'VISl', 'VISp', 'VISpm', 'VISrl']",H,16,1,Familiar,0,1014,,
1128719842,1128774624,2021-09-16 13:51:43.599000+00:00,NP.0,EPHYS_1_images_G_3uL_reward,585326,wt/wt,M,NeuropixelVisualBehavior,120,1798,6,2304,"['APN', 'CA1', 'CA3', 'DG-mo', 'DG-po', 'DG-sg', 'LP', 'MB', 'NOT', 'POL', 'POST', 'PoT', 'PPT', 'root', 'SCig', 'SCiw', 'SGN', 'VISal', 'VISam', 'VISl', 'VISp', 'VISpm', 'VISrl']",G,0,2,Novel,1,1015,,
1130113579,1130191879,2021-09-22 14:15:18.173000+00:00,NP.0,EPHYS_1_images_H_3uL_reward,579993,wt/wt,F,NeuropixelVisualBehavior,164,2341,6,2304,"['APN', 'CA1', 'CA2', 'CA3', 'DG-mo', 'DG-sg', 'DT', 'HPF', 'LGd-co', 'LGd-ip', 'LGd-sh', 'LP', 'MB', 'MGd', 'MGm', 'MGv', 'MRN', 'NOT', 'POST', 'PoT', 'ProS', 'root', 'SCig', 'SGN', 'SUB', 'TH', 'VISal', 'VISam', 'VISl', 'VISp', 'VISpm', 'VISrl']",H,45,1,Familiar,0,1016,,
1130349290,1130378962,2021-09-23 13:34:57.267000+00:00,NP.0,EPHYS_1_images_G_3uL_reward,579993,wt/wt,F,NeuropixelVisualBehavior,165,1928,6,2304,"['APN', 'CA1', 'CA3', 'DG-mo', 'DG-sg', 'HPF', 'LGd-co', 'LGd-sh', 'LP', 'MB', 'MGm', 'MGv', 'POST', 'PoT', 'root', 'SCig', 'SGN', 'TH', 'VISal', 'VISam', 'VISl', 'VISp', 'VISpm', 'VISrl']",G,0,2,Novel,1,1017,,
1139846596,1139969640,2021-11-10 15:08:35.544000+00:00,NP.1,EPHYS_1_images_H_3uL_reward,585329,wt/wt,M,NeuropixelVisualBehavior,175,2274,6,2304,"['APN', 'CA1', 'CA3', 'DG-mo', 'DG-po', 'DG-sg', 'LP', 'MB', 'MGd', 'MGm', 'MGv', 'MRN', 'PIL', 'PoT', 'PRE', 'ProS', 'root', 'SCig', 'SUB', 'TH', 'VISal', 'VISam', 'VISl', 'VISp', 'VISpm', 'VISrl']",H,49,1,Familiar,0,1018,,
1140102579,1153972744,2021-11-11 14:09:15.377000+00:00,NP.1,EPHYS_1_images_G_3uL_reward,585329,wt/wt,M,NeuropixelVisualBehavior,176,1493,6,2304,"['APN', 'CA1', 'CA3', 'DG-mo', 'DG-po', 'DG-sg', 'HPF', 'MB', 'MGd', 'MGm', 'MGv', 'MRN', 'PIL', 'PRE', 'ProS', 'root', 'SCig', 'SUB', 'TH', 'VISal', 'VISam', 'VISl', 'VISp', 'VISpm', 'VISrl']",G,0,2,Novel,1,1019,,
1152632711,1152646832,2022-01-19 13:30:28.150000+00:00,NP.1,EPHYS_1_images_G_3uL_reward,599294,Vip-IRES-Cre/wt;Ai32(RCL-ChR2(H134R)_EYFP)/wt,M,NeuropixelVisualBehavior,145,1499,6,2304,"['CA1', 'CA3', 'DG-mo', 'DG-po', 'DG-sg', 'HPF', 'POST', 'ProS', 'root', 'VIS', 'VISam', 'VISl', 'VISp', 'VISpm', 'VISrl']",G,26,1,Familiar,0,1020,,
1152811536,1152845816,2022-01-20 13:50:22.372000+00:00,NP.1,EPHYS_1_images_H_3uL_reward,599294,Vip-IRES-Cre/wt;Ai32(RCL-ChR2(H134R)_EYFP)/wt,M,NeuropixelVisualBehavior,146,1379,6,2304,"['CA1', 'CA3', 'DG-mo', 'DG-po', 'DG-sg', 'HPF', 'POST', 'PRE', 'ProS', 'root', 'SUB', 'VIS', 'VISam', 'VISp', 'VISpm', 'VISrl']",H,0,2,Novel,1,1021,,
